Unique Id,indicator_id,geo_type_id,measurement_type_id,internal_id,subtopic_id,name,Measure,geo_type_name,description,geo_entity_id,geo_entity_name,year_description,data_value,message
491814,455,3,1,2046,11,Asthma Emergency Department Visits (Children 5 to 14 Yrs Old),Rate,UHF42,Neighborhood (UHF 42),101,Kingsbridge - Riverdale,2015,237.4,
491816,455,3,1,2046,11,Asthma Emergency Department Visits (Children 5 to 14 Yrs Old),Rate,UHF42,Neighborhood (UHF 42),102,Northeast Bronx,2015,357.5,
491818,455,3,1,2046,11,Asthma Emergency Department Visits (Children 5 to 14 Yrs Old),Rate,UHF42,Neighborhood (UHF 42),103,Fordham - Bronx Pk,2015,508.6,
491820,455,3,1,2046,11,Asthma Emergency Department Visits (Children 5 to 14 Yrs Old),Rate,UHF42,Neighborhood (UHF 42),104,Pelham - Throgs Neck,2015,349.2,
491822,455,3,1,2046,11,Asthma Emergency Department Visits (Children 5 to 14 Yrs Old),Rate,UHF42,Neighborhood (UHF 42),105,Crotona -Tremont,2015,514.7,
491824,455,3,1,2046,11,Asthma Emergency Department Visits (Children 5 to 14 Yrs Old),Rate,UHF42,Neighborhood (UHF 42),106,High Bridge - Morrisania,2015,556,
491826,455,3,1,2046,11,Asthma Emergency Department Visits (Children 5 to 14 Yrs Old),Rate,UHF42,Neighborhood (UHF 42),107,Hunts Point - Mott Haven,2015,563.7,
491828,455,3,1,2046,11,Asthma Emergency Department Visits (Children 5 to 14 Yrs Old),Rate,UHF42,Neighborhood (UHF 42),201,Greenpoint,2015,94.8,
491830,455,3,1,2046,11,Asthma Emergency Department Visits (Children 5 to 14 Yrs Old),Rate,UHF42,Neighborhood (UHF 42),202,Downtown - Heights - Slope,2015,157.3,
491832,455,3,1,2046,11,Asthma Emergency Department Visits (Children 5 to 14 Yrs Old),Rate,UHF42,Neighborhood (UHF 42),203,Bedford Stuyvesant - Crown Heights,2015,416.9,
491834,455,3,1,2046,11,Asthma Emergency Department Visits (Children 5 to 14 Yrs Old),Rate,UHF42,Neighborhood (UHF 42),204,East New York,2015,376.3,
491836,455,3,1,2046,11,Asthma Emergency Department Visits (Children 5 to 14 Yrs Old),Rate,UHF42,Neighborhood (UHF 42),205,Sunset Park,2015,114.1,
491838,455,3,1,2046,11,Asthma Emergency Department Visits (Children 5 to 14 Yrs Old),Rate,UHF42,Neighborhood (UHF 42),206,Borough Park,2015,38.2,
491840,455,3,1,2046,11,Asthma Emergency Department Visits (Children 5 to 14 Yrs Old),Rate,UHF42,Neighborhood (UHF 42),207,East Flatbush - Flatbush,2015,290.7,
491842,455,3,1,2046,11,Asthma Emergency Department Visits (Children 5 to 14 Yrs Old),Rate,UHF42,Neighborhood (UHF 42),208,Canarsie - Flatlands,2015,186.1,
491844,455,3,1,2046,11,Asthma Emergency Department Visits (Children 5 to 14 Yrs Old),Rate,UHF42,Neighborhood (UHF 42),209,Bensonhurst - Bay Ridge,2015,36,
491846,455,3,1,2046,11,Asthma Emergency Department Visits (Children 5 to 14 Yrs Old),Rate,UHF42,Neighborhood (UHF 42),210,Coney Island - Sheepshead Bay,2015,89.8,
491848,455,3,1,2046,11,Asthma Emergency Department Visits (Children 5 to 14 Yrs Old),Rate,UHF42,Neighborhood (UHF 42),211,Williamsburg - Bushwick,2015,372.5,
491850,455,3,1,2046,11,Asthma Emergency Department Visits (Children 5 to 14 Yrs Old),Rate,UHF42,Neighborhood (UHF 42),301,Washington Heights,2015,258.3,
491852,455,3,1,2046,11,Asthma Emergency Department Visits (Children 5 to 14 Yrs Old),Rate,UHF42,Neighborhood (UHF 42),302,Central Harlem - Morningside Heights,2015,611.8,
491854,455,3,1,2046,11,Asthma Emergency Department Visits (Children 5 to 14 Yrs Old),Rate,UHF42,Neighborhood (UHF 42),303,East Harlem,2015,655.1,
491856,455,3,1,2046,11,Asthma Emergency Department Visits (Children 5 to 14 Yrs Old),Rate,UHF42,Neighborhood (UHF 42),304,Upper West Side,2015,132.7,
491858,455,3,1,2046,11,Asthma Emergency Department Visits (Children 5 to 14 Yrs Old),Rate,UHF42,Neighborhood (UHF 42),305,Upper East Side,2015,59.8,
491860,455,3,1,2046,11,Asthma Emergency Department Visits (Children 5 to 14 Yrs Old),Rate,UHF42,Neighborhood (UHF 42),306,Chelsea - Clinton,2015,167.9,
491862,455,3,1,2046,11,Asthma Emergency Department Visits (Children 5 to 14 Yrs Old),Rate,UHF42,Neighborhood (UHF 42),307,Gramercy Park - Murray Hill,2015,97.8,
491864,455,3,1,2046,11,Asthma Emergency Department Visits (Children 5 to 14 Yrs Old),Rate,UHF42,Neighborhood (UHF 42),308,Greenwich Village - SoHo,2015,29.1,
491866,455,3,1,2046,11,Asthma Emergency Department Visits (Children 5 to 14 Yrs Old),Rate,UHF42,Neighborhood (UHF 42),309,Union Square - Lower East Side,2015,307.3,
491868,455,3,1,2046,11,Asthma Emergency Department Visits (Children 5 to 14 Yrs Old),Rate,UHF42,Neighborhood (UHF 42),310,Lower Manhattan,2015,135.9,
491870,455,3,1,2046,11,Asthma Emergency Department Visits (Children 5 to 14 Yrs Old),Rate,UHF42,Neighborhood (UHF 42),401,Long Island City - Astoria,2015,151.1,
491872,455,3,1,2046,11,Asthma Emergency Department Visits (Children 5 to 14 Yrs Old),Rate,UHF42,Neighborhood (UHF 42),402,West Queens,2015,187.1,
491874,455,3,1,2046,11,Asthma Emergency Department Visits (Children 5 to 14 Yrs Old),Rate,UHF42,Neighborhood (UHF 42),403,Flushing - Clearview,2015,82.9,
491876,455,3,1,2046,11,Asthma Emergency Department Visits (Children 5 to 14 Yrs Old),Rate,UHF42,Neighborhood (UHF 42),404,Bayside - Little Neck,2015,44.7,
491878,455,3,1,2046,11,Asthma Emergency Department Visits (Children 5 to 14 Yrs Old),Rate,UHF42,Neighborhood (UHF 42),405,Ridgewood - Forest Hills,2015,114,
491880,455,3,1,2046,11,Asthma Emergency Department Visits (Children 5 to 14 Yrs Old),Rate,UHF42,Neighborhood (UHF 42),406,Fresh Meadows,2015,117.1,
491882,455,3,1,2046,11,Asthma Emergency Department Visits (Children 5 to 14 Yrs Old),Rate,UHF42,Neighborhood (UHF 42),407,Southwest Queens,2015,131.6,
491884,455,3,1,2046,11,Asthma Emergency Department Visits (Children 5 to 14 Yrs Old),Rate,UHF42,Neighborhood (UHF 42),408,Jamaica,2015,202,
491886,455,3,1,2046,11,Asthma Emergency Department Visits (Children 5 to 14 Yrs Old),Rate,UHF42,Neighborhood (UHF 42),409,Southeast Queens,2015,125.9,
491888,455,3,1,2046,11,Asthma Emergency Department Visits (Children 5 to 14 Yrs Old),Rate,UHF42,Neighborhood (UHF 42),410,Rockaways,2015,186.6,
491890,455,3,1,2046,11,Asthma Emergency Department Visits (Children 5 to 14 Yrs Old),Rate,UHF42,Neighborhood (UHF 42),501,Port Richmond,2015,203.7,
491892,455,3,1,2046,11,Asthma Emergency Department Visits (Children 5 to 14 Yrs Old),Rate,UHF42,Neighborhood (UHF 42),502,Stapleton - St. George,2015,158.1,
491894,455,3,1,2046,11,Asthma Emergency Department Visits (Children 5 to 14 Yrs Old),Rate,UHF42,Neighborhood (UHF 42),503,Willowbrook,2015,58.8,
491896,455,3,1,2046,11,Asthma Emergency Department Visits (Children 5 to 14 Yrs Old),Rate,UHF42,Neighborhood (UHF 42),504,South Beach - Tottenville,2015,39.1,
491622,460,3,1,2048,11,Asthma Emergency Department Visits (Children 0 to 4 Yrs Old),Rate,UHF42,Neighborhood (UHF 42),101,Kingsbridge - Riverdale,2015,250.8,
491624,460,3,1,2048,11,Asthma Emergency Department Visits (Children 0 to 4 Yrs Old),Rate,UHF42,Neighborhood (UHF 42),102,Northeast Bronx,2015,407.8,
491626,460,3,1,2048,11,Asthma Emergency Department Visits (Children 0 to 4 Yrs Old),Rate,UHF42,Neighborhood (UHF 42),103,Fordham - Bronx Pk,2015,636,
491628,460,3,1,2048,11,Asthma Emergency Department Visits (Children 0 to 4 Yrs Old),Rate,UHF42,Neighborhood (UHF 42),104,Pelham - Throgs Neck,2015,478.5,
491630,460,3,1,2048,11,Asthma Emergency Department Visits (Children 0 to 4 Yrs Old),Rate,UHF42,Neighborhood (UHF 42),105,Crotona -Tremont,2015,737.6,
491632,460,3,1,2048,11,Asthma Emergency Department Visits (Children 0 to 4 Yrs Old),Rate,UHF42,Neighborhood (UHF 42),106,High Bridge - Morrisania,2015,846.6,
491634,460,3,1,2048,11,Asthma Emergency Department Visits (Children 0 to 4 Yrs Old),Rate,UHF42,Neighborhood (UHF 42),107,Hunts Point - Mott Haven,2015,876.5,
491636,460,3,1,2048,11,Asthma Emergency Department Visits (Children 0 to 4 Yrs Old),Rate,UHF42,Neighborhood (UHF 42),201,Greenpoint,2015,91.2,
491638,460,3,1,2048,11,Asthma Emergency Department Visits (Children 0 to 4 Yrs Old),Rate,UHF42,Neighborhood (UHF 42),202,Downtown - Heights - Slope,2015,124.5,
491640,460,3,1,2048,11,Asthma Emergency Department Visits (Children 0 to 4 Yrs Old),Rate,UHF42,Neighborhood (UHF 42),203,Bedford Stuyvesant - Crown Heights,2015,509,
491642,460,3,1,2048,11,Asthma Emergency Department Visits (Children 0 to 4 Yrs Old),Rate,UHF42,Neighborhood (UHF 42),204,East New York,2015,554.4,
491644,460,3,1,2048,11,Asthma Emergency Department Visits (Children 0 to 4 Yrs Old),Rate,UHF42,Neighborhood (UHF 42),205,Sunset Park,2015,93.7,
491646,460,3,1,2048,11,Asthma Emergency Department Visits (Children 0 to 4 Yrs Old),Rate,UHF42,Neighborhood (UHF 42),206,Borough Park,2015,70.2,
491648,460,3,1,2048,11,Asthma Emergency Department Visits (Children 0 to 4 Yrs Old),Rate,UHF42,Neighborhood (UHF 42),207,East Flatbush - Flatbush,2015,326.7,
491650,460,3,1,2048,11,Asthma Emergency Department Visits (Children 0 to 4 Yrs Old),Rate,UHF42,Neighborhood (UHF 42),208,Canarsie - Flatlands,2015,271.5,
491652,460,3,1,2048,11,Asthma Emergency Department Visits (Children 0 to 4 Yrs Old),Rate,UHF42,Neighborhood (UHF 42),209,Bensonhurst - Bay Ridge,2015,61,
491654,460,3,1,2048,11,Asthma Emergency Department Visits (Children 0 to 4 Yrs Old),Rate,UHF42,Neighborhood (UHF 42),210,Coney Island - Sheepshead Bay,2015,114.2,
491656,460,3,1,2048,11,Asthma Emergency Department Visits (Children 0 to 4 Yrs Old),Rate,UHF42,Neighborhood (UHF 42),211,Williamsburg - Bushwick,2015,438.9,
491658,460,3,1,2048,11,Asthma Emergency Department Visits (Children 0 to 4 Yrs Old),Rate,UHF42,Neighborhood (UHF 42),301,Washington Heights,2015,299.9,
491660,460,3,1,2048,11,Asthma Emergency Department Visits (Children 0 to 4 Yrs Old),Rate,UHF42,Neighborhood (UHF 42),302,Central Harlem - Morningside Heights,2015,643.5,
491662,460,3,1,2048,11,Asthma Emergency Department Visits (Children 0 to 4 Yrs Old),Rate,UHF42,Neighborhood (UHF 42),303,East Harlem,2015,714.6,
491664,460,3,1,2048,11,Asthma Emergency Department Visits (Children 0 to 4 Yrs Old),Rate,UHF42,Neighborhood (UHF 42),304,Upper West Side,2015,166.6,
491666,460,3,1,2048,11,Asthma Emergency Department Visits (Children 0 to 4 Yrs Old),Rate,UHF42,Neighborhood (UHF 42),305,Upper East Side,2015,67.3,
491668,460,3,1,2048,11,Asthma Emergency Department Visits (Children 0 to 4 Yrs Old),Rate,UHF42,Neighborhood (UHF 42),306,Chelsea - Clinton,2015,98.5,
491670,460,3,1,2048,11,Asthma Emergency Department Visits (Children 0 to 4 Yrs Old),Rate,UHF42,Neighborhood (UHF 42),307,Gramercy Park - Murray Hill,2015,74.1,
491672,460,3,1,2048,11,Asthma Emergency Department Visits (Children 0 to 4 Yrs Old),Rate,UHF42,Neighborhood (UHF 42),308,Greenwich Village - SoHo,2015,43.4,
491674,460,3,1,2048,11,Asthma Emergency Department Visits (Children 0 to 4 Yrs Old),Rate,UHF42,Neighborhood (UHF 42),309,Union Square - Lower East Side,2015,323.9,
491676,460,3,1,2048,11,Asthma Emergency Department Visits (Children 0 to 4 Yrs Old),Rate,UHF42,Neighborhood (UHF 42),310,Lower Manhattan,2015,70,
491678,460,3,1,2048,11,Asthma Emergency Department Visits (Children 0 to 4 Yrs Old),Rate,UHF42,Neighborhood (UHF 42),401,Long Island City - Astoria,2015,128.6,
491680,460,3,1,2048,11,Asthma Emergency Department Visits (Children 0 to 4 Yrs Old),Rate,UHF42,Neighborhood (UHF 42),402,West Queens,2015,198.8,
491682,460,3,1,2048,11,Asthma Emergency Department Visits (Children 0 to 4 Yrs Old),Rate,UHF42,Neighborhood (UHF 42),403,Flushing - Clearview,2015,129.8,
491684,460,3,1,2048,11,Asthma Emergency Department Visits (Children 0 to 4 Yrs Old),Rate,UHF42,Neighborhood (UHF 42),404,Bayside - Little Neck,2015,59.9,
491686,460,3,1,2048,11,Asthma Emergency Department Visits (Children 0 to 4 Yrs Old),Rate,UHF42,Neighborhood (UHF 42),405,Ridgewood - Forest Hills,2015,155.5,
491688,460,3,1,2048,11,Asthma Emergency Department Visits (Children 0 to 4 Yrs Old),Rate,UHF42,Neighborhood (UHF 42),406,Fresh Meadows,2015,141.8,
491690,460,3,1,2048,11,Asthma Emergency Department Visits (Children 0 to 4 Yrs Old),Rate,UHF42,Neighborhood (UHF 42),407,Southwest Queens,2015,205.1,
491692,460,3,1,2048,11,Asthma Emergency Department Visits (Children 0 to 4 Yrs Old),Rate,UHF42,Neighborhood (UHF 42),408,Jamaica,2015,347.4,
491694,460,3,1,2048,11,Asthma Emergency Department Visits (Children 0 to 4 Yrs Old),Rate,UHF42,Neighborhood (UHF 42),409,Southeast Queens,2015,203.3,
491696,460,3,1,2048,11,Asthma Emergency Department Visits (Children 0 to 4 Yrs Old),Rate,UHF42,Neighborhood (UHF 42),410,Rockaways,2015,199.2,
491698,460,3,1,2048,11,Asthma Emergency Department Visits (Children 0 to 4 Yrs Old),Rate,UHF42,Neighborhood (UHF 42),501,Port Richmond,2015,261,
491700,460,3,1,2048,11,Asthma Emergency Department Visits (Children 0 to 4 Yrs Old),Rate,UHF42,Neighborhood (UHF 42),502,Stapleton - St. George,2015,199.4,
491702,460,3,1,2048,11,Asthma Emergency Department Visits (Children 0 to 4 Yrs Old),Rate,UHF42,Neighborhood (UHF 42),503,Willowbrook,2015,72.3,
491704,460,3,1,2048,11,Asthma Emergency Department Visits (Children 0 to 4 Yrs Old),Rate,UHF42,Neighborhood (UHF 42),504,South Beach - Tottenville,2015,54,
358072,221,3,5,103,109,Poverty,Percent,UHF42,Neighborhood (UHF 42),101,Kingsbridge - Riverdale,2011-15,15.91,
358073,221,3,5,103,109,Poverty,Percent,UHF42,Neighborhood (UHF 42),102,Northeast Bronx,2011-15,15.31,
358074,221,3,5,103,109,Poverty,Percent,UHF42,Neighborhood (UHF 42),103,Fordham - Bronx Pk,2011-15,33.1,
358075,221,3,5,103,109,Poverty,Percent,UHF42,Neighborhood (UHF 42),104,Pelham - Throgs Neck,2011-15,23.24,
358076,221,3,5,103,109,Poverty,Percent,UHF42,Neighborhood (UHF 42),105,Crotona -Tremont,2011-15,41.58,
358077,221,3,5,103,109,Poverty,Percent,UHF42,Neighborhood (UHF 42),106,High Bridge - Morrisania,2011-15,40.17,
358078,221,3,5,103,109,Poverty,Percent,UHF42,Neighborhood (UHF 42),107,Hunts Point - Mott Haven,2011-15,43.09,
358079,221,3,5,103,109,Poverty,Percent,UHF42,Neighborhood (UHF 42),201,Greenpoint,2011-15,25.82,
358080,221,3,5,103,109,Poverty,Percent,UHF42,Neighborhood (UHF 42),202,Downtown - Heights - Slope,2011-15,16.24,
358081,221,3,5,103,109,Poverty,Percent,UHF42,Neighborhood (UHF 42),203,Bedford Stuyvesant - Crown Heights,2011-15,27.25,
358082,221,3,5,103,109,Poverty,Percent,UHF42,Neighborhood (UHF 42),204,East New York,2011-15,31.06,
358083,221,3,5,103,109,Poverty,Percent,UHF42,Neighborhood (UHF 42),205,Sunset Park,2011-15,31.97,
358084,221,3,5,103,109,Poverty,Percent,UHF42,Neighborhood (UHF 42),206,Borough Park,2011-15,27.2,
358085,221,3,5,103,109,Poverty,Percent,UHF42,Neighborhood (UHF 42),207,East Flatbush - Flatbush,2011-15,18.13,
358086,221,3,5,103,109,Poverty,Percent,UHF42,Neighborhood (UHF 42),208,Canarsie - Flatlands,2011-15,13.48,
358087,221,3,5,103,109,Poverty,Percent,UHF42,Neighborhood (UHF 42),209,Bensonhurst - Bay Ridge,2011-15,16.14,
358088,221,3,5,103,109,Poverty,Percent,UHF42,Neighborhood (UHF 42),210,Coney Island - Sheepshead Bay,2011-15,20.24,
358089,221,3,5,103,109,Poverty,Percent,UHF42,Neighborhood (UHF 42),211,Williamsburg - Bushwick,2011-15,31.7,
358090,221,3,5,103,109,Poverty,Percent,UHF42,Neighborhood (UHF 42),301,Washington Heights,2011-15,25.57,
358091,221,3,5,103,109,Poverty,Percent,UHF42,Neighborhood (UHF 42),302,Central Harlem - Morningside Heights,2011-15,30,
358092,221,3,5,103,109,Poverty,Percent,UHF42,Neighborhood (UHF 42),303,East Harlem,2011-15,33.26,
358093,221,3,5,103,109,Poverty,Percent,UHF42,Neighborhood (UHF 42),304,Upper West Side,2011-15,11.39,
358094,221,3,5,103,109,Poverty,Percent,UHF42,Neighborhood (UHF 42),305,Upper East Side,2011-15,6.61,
358095,221,3,5,103,109,Poverty,Percent,UHF42,Neighborhood (UHF 42),306,Chelsea - Clinton,2011-15,12.43,
358096,221,3,5,103,109,Poverty,Percent,UHF42,Neighborhood (UHF 42),307,Gramercy Park - Murray Hill,2011-15,9.52,
358097,221,3,5,103,109,Poverty,Percent,UHF42,Neighborhood (UHF 42),308,Greenwich Village - SoHo,2011-15,9.28,
358098,221,3,5,103,109,Poverty,Percent,UHF42,Neighborhood (UHF 42),309,Union Square - Lower East Side,2011-15,22.8,
358099,221,3,5,103,109,Poverty,Percent,UHF42,Neighborhood (UHF 42),310,Lower Manhattan,2011-15,10.66,
358100,221,3,5,103,109,Poverty,Percent,UHF42,Neighborhood (UHF 42),401,Long Island City - Astoria,2011-15,16.78,
358101,221,3,5,103,109,Poverty,Percent,UHF42,Neighborhood (UHF 42),402,West Queens,2011-15,19.1,
358102,221,3,5,103,109,Poverty,Percent,UHF42,Neighborhood (UHF 42),403,Flushing - Clearview,2011-15,15.36,
358103,221,3,5,103,109,Poverty,Percent,UHF42,Neighborhood (UHF 42),404,Bayside - Little Neck,2011-15,8.36,
358104,221,3,5,103,109,Poverty,Percent,UHF42,Neighborhood (UHF 42),405,Ridgewood - Forest Hills,2011-15,12.69,
358105,221,3,5,103,109,Poverty,Percent,UHF42,Neighborhood (UHF 42),406,Fresh Meadows,2011-15,13.75,
358106,221,3,5,103,109,Poverty,Percent,UHF42,Neighborhood (UHF 42),407,Southwest Queens,2011-15,14.63,
358107,221,3,5,103,109,Poverty,Percent,UHF42,Neighborhood (UHF 42),408,Jamaica,2011-15,15.53,
358108,221,3,5,103,109,Poverty,Percent,UHF42,Neighborhood (UHF 42),409,Southeast Queens,2011-15,7.24,
358109,221,3,5,103,109,Poverty,Percent,UHF42,Neighborhood (UHF 42),410,Rockaways,2011-15,19,
358110,221,3,5,103,109,Poverty,Percent,UHF42,Neighborhood (UHF 42),501,Port Richmond,2011-15,22.73,
358111,221,3,5,103,109,Poverty,Percent,UHF42,Neighborhood (UHF 42),502,Stapleton - St. George,2011-15,17.72,
358112,221,3,5,103,109,Poverty,Percent,UHF42,Neighborhood (UHF 42),503,Willowbrook,2011-15,8.64,
358113,221,3,5,103,109,Poverty,Percent,UHF42,Neighborhood (UHF 42),504,South Beach - Tottenville,2011-15,7.57,
373114,755,3,5,2176,109,Children under 5 years old in Poverty,Percent,UHF42,Neighborhood (UHF 42),101,Kingsbridge - Riverdale,2011-15,20.5,
373115,755,3,5,2176,109,Children under 5 years old in Poverty,Percent,UHF42,Neighborhood (UHF 42),102,Northeast Bronx,2011-15,21.42,
373116,755,3,5,2176,109,Children under 5 years old in Poverty,Percent,UHF42,Neighborhood (UHF 42),103,Fordham - Bronx Pk,2011-15,43.33,
373117,755,3,5,2176,109,Children under 5 years old in Poverty,Percent,UHF42,Neighborhood (UHF 42),104,Pelham - Throgs Neck,2011-15,33.51,
373118,755,3,5,2176,109,Children under 5 years old in Poverty,Percent,UHF42,Neighborhood (UHF 42),105,Crotona -Tremont,2011-15,53.67,
373119,755,3,5,2176,109,Children under 5 years old in Poverty,Percent,UHF42,Neighborhood (UHF 42),106,High Bridge - Morrisania,2011-15,47.4,
373120,755,3,5,2176,109,Children under 5 years old in Poverty,Percent,UHF42,Neighborhood (UHF 42),107,Hunts Point - Mott Haven,2011-15,54.53,
373121,755,3,5,2176,109,Children under 5 years old in Poverty,Percent,UHF42,Neighborhood (UHF 42),201,Greenpoint,2011-15,46.48,
373122,755,3,5,2176,109,Children under 5 years old in Poverty,Percent,UHF42,Neighborhood (UHF 42),202,Downtown - Heights - Slope,2011-15,18.68,
373123,755,3,5,2176,109,Children under 5 years old in Poverty,Percent,UHF42,Neighborhood (UHF 42),203,Bedford Stuyvesant - Crown Heights,2011-15,37.21,
373124,755,3,5,2176,109,Children under 5 years old in Poverty,Percent,UHF42,Neighborhood (UHF 42),204,East New York,2011-15,40.84,
373125,755,3,5,2176,109,Children under 5 years old in Poverty,Percent,UHF42,Neighborhood (UHF 42),205,Sunset Park,2011-15,45.41,
373126,755,3,5,2176,109,Children under 5 years old in Poverty,Percent,UHF42,Neighborhood (UHF 42),206,Borough Park,2011-15,39.73,
373127,755,3,5,2176,109,Children under 5 years old in Poverty,Percent,UHF42,Neighborhood (UHF 42),207,East Flatbush - Flatbush,2011-15,23.28,
373128,755,3,5,2176,109,Children under 5 years old in Poverty,Percent,UHF42,Neighborhood (UHF 42),208,Canarsie - Flatlands,2011-15,19.16,
373129,755,3,5,2176,109,Children under 5 years old in Poverty,Percent,UHF42,Neighborhood (UHF 42),209,Bensonhurst - Bay Ridge,2011-15,19.26,
373130,755,3,5,2176,109,Children under 5 years old in Poverty,Percent,UHF42,Neighborhood (UHF 42),210,Coney Island - Sheepshead Bay,2011-15,26.55,
373131,755,3,5,2176,109,Children under 5 years old in Poverty,Percent,UHF42,Neighborhood (UHF 42),211,Williamsburg - Bushwick,2011-15,45.01,
373132,755,3,5,2176,109,Children under 5 years old in Poverty,Percent,UHF42,Neighborhood (UHF 42),301,Washington Heights,2011-15,30.09,
373133,755,3,5,2176,109,Children under 5 years old in Poverty,Percent,UHF42,Neighborhood (UHF 42),302,Central Harlem - Morningside Heights,2011-15,40.77,
373134,755,3,5,2176,109,Children under 5 years old in Poverty,Percent,UHF42,Neighborhood (UHF 42),303,East Harlem,2011-15,44.26,
373135,755,3,5,2176,109,Children under 5 years old in Poverty,Percent,UHF42,Neighborhood (UHF 42),304,Upper West Side,2011-15,5.82,
373136,755,3,5,2176,109,Children under 5 years old in Poverty,Percent,UHF42,Neighborhood (UHF 42),305,Upper East Side,2011-15,2.65,
373137,755,3,5,2176,109,Children under 5 years old in Poverty,Percent,UHF42,Neighborhood (UHF 42),306,Chelsea - Clinton,2011-15,9.11,
373138,755,3,5,2176,109,Children under 5 years old in Poverty,Percent,UHF42,Neighborhood (UHF 42),307,Gramercy Park - Murray Hill,2011-15,2.98,
373139,755,3,5,2176,109,Children under 5 years old in Poverty,Percent,UHF42,Neighborhood (UHF 42),308,Greenwich Village - SoHo,2011-15,1.06,
373140,755,3,5,2176,109,Children under 5 years old in Poverty,Percent,UHF42,Neighborhood (UHF 42),309,Union Square - Lower East Side,2011-15,28.81,
373141,755,3,5,2176,109,Children under 5 years old in Poverty,Percent,UHF42,Neighborhood (UHF 42),310,Lower Manhattan,2011-15,2.69,
373142,755,3,5,2176,109,Children under 5 years old in Poverty,Percent,UHF42,Neighborhood (UHF 42),401,Long Island City - Astoria,2011-15,20.21,
373143,755,3,5,2176,109,Children under 5 years old in Poverty,Percent,UHF42,Neighborhood (UHF 42),402,West Queens,2011-15,23.62,
373144,755,3,5,2176,109,Children under 5 years old in Poverty,Percent,UHF42,Neighborhood (UHF 42),403,Flushing - Clearview,2011-15,12.93,
373145,755,3,5,2176,109,Children under 5 years old in Poverty,Percent,UHF42,Neighborhood (UHF 42),404,Bayside - Little Neck,2011-15,8,
373146,755,3,5,2176,109,Children under 5 years old in Poverty,Percent,UHF42,Neighborhood (UHF 42),405,Ridgewood - Forest Hills,2011-15,14.29,
373147,755,3,5,2176,109,Children under 5 years old in Poverty,Percent,UHF42,Neighborhood (UHF 42),406,Fresh Meadows,2011-15,17.14,
373148,755,3,5,2176,109,Children under 5 years old in Poverty,Percent,UHF42,Neighborhood (UHF 42),407,Southwest Queens,2011-15,20.67,
373149,755,3,5,2176,109,Children under 5 years old in Poverty,Percent,UHF42,Neighborhood (UHF 42),408,Jamaica,2011-15,23.18,
373150,755,3,5,2176,109,Children under 5 years old in Poverty,Percent,UHF42,Neighborhood (UHF 42),409,Southeast Queens,2011-15,9.73,
373151,755,3,5,2176,109,Children under 5 years old in Poverty,Percent,UHF42,Neighborhood (UHF 42),410,Rockaways,2011-15,24.78,
373152,755,3,5,2176,109,Children under 5 years old in Poverty,Percent,UHF42,Neighborhood (UHF 42),501,Port Richmond,2011-15,36.14,
373153,755,3,5,2176,109,Children under 5 years old in Poverty,Percent,UHF42,Neighborhood (UHF 42),502,Stapleton - St. George,2011-15,27.15,
373154,755,3,5,2176,109,Children under 5 years old in Poverty,Percent,UHF42,Neighborhood (UHF 42),503,Willowbrook,2011-15,9.88,
373155,755,3,5,2176,109,Children under 5 years old in Poverty,Percent,UHF42,Neighborhood (UHF 42),504,South Beach - Tottenville,2011-15,8.3,
333952,365,3,104,2023,122,Fine Particulate Matter (PM2.5),Mean,UHF42,Neighborhood (UHF 42),101,Kingsbridge - Riverdale,Annual Average 2015,9.17,
333955,365,3,104,2023,122,Fine Particulate Matter (PM2.5),Mean,UHF42,Neighborhood (UHF 42),102,Northeast Bronx,Annual Average 2015,9.13,
333958,365,3,104,2023,122,Fine Particulate Matter (PM2.5),Mean,UHF42,Neighborhood (UHF 42),103,Fordham - Bronx Pk,Annual Average 2015,9.14,
333961,365,3,104,2023,122,Fine Particulate Matter (PM2.5),Mean,UHF42,Neighborhood (UHF 42),104,Pelham - Throgs Neck,Annual Average 2015,8.93,
333964,365,3,104,2023,122,Fine Particulate Matter (PM2.5),Mean,UHF42,Neighborhood (UHF 42),105,Crotona -Tremont,Annual Average 2015,9.67,
333967,365,3,104,2023,122,Fine Particulate Matter (PM2.5),Mean,UHF42,Neighborhood (UHF 42),106,High Bridge - Morrisania,Annual Average 2015,9.6,
333970,365,3,104,2023,122,Fine Particulate Matter (PM2.5),Mean,UHF42,Neighborhood (UHF 42),107,Hunts Point - Mott Haven,Annual Average 2015,9.62,
333973,365,3,104,2023,122,Fine Particulate Matter (PM2.5),Mean,UHF42,Neighborhood (UHF 42),201,Greenpoint,Annual Average 2015,10.49,
333976,365,3,104,2023,122,Fine Particulate Matter (PM2.5),Mean,UHF42,Neighborhood (UHF 42),202,Downtown - Heights - Slope,Annual Average 2015,9.89,
333979,365,3,104,2023,122,Fine Particulate Matter (PM2.5),Mean,UHF42,Neighborhood (UHF 42),203,Bedford Stuyvesant - Crown Heights,Annual Average 2015,8.87,
333982,365,3,104,2023,122,Fine Particulate Matter (PM2.5),Mean,UHF42,Neighborhood (UHF 42),204,East New York,Annual Average 2015,8.72,
333985,365,3,104,2023,122,Fine Particulate Matter (PM2.5),Mean,UHF42,Neighborhood (UHF 42),205,Sunset Park,Annual Average 2015,9.45,
333988,365,3,104,2023,122,Fine Particulate Matter (PM2.5),Mean,UHF42,Neighborhood (UHF 42),206,Borough Park,Annual Average 2015,8.44,
333991,365,3,104,2023,122,Fine Particulate Matter (PM2.5),Mean,UHF42,Neighborhood (UHF 42),207,East Flatbush - Flatbush,Annual Average 2015,8.59,
333994,365,3,104,2023,122,Fine Particulate Matter (PM2.5),Mean,UHF42,Neighborhood (UHF 42),208,Canarsie - Flatlands,Annual Average 2015,8.1,
333997,365,3,104,2023,122,Fine Particulate Matter (PM2.5),Mean,UHF42,Neighborhood (UHF 42),209,Bensonhurst - Bay Ridge,Annual Average 2015,8.13,
334000,365,3,104,2023,122,Fine Particulate Matter (PM2.5),Mean,UHF42,Neighborhood (UHF 42),210,Coney Island - Sheepshead Bay,Annual Average 2015,7.72,
334003,365,3,104,2023,122,Fine Particulate Matter (PM2.5),Mean,UHF42,Neighborhood (UHF 42),211,Williamsburg - Bushwick,Annual Average 2015,9.61,
334006,365,3,104,2023,122,Fine Particulate Matter (PM2.5),Mean,UHF42,Neighborhood (UHF 42),301,Washington Heights,Annual Average 2015,9.36,
334009,365,3,104,2023,122,Fine Particulate Matter (PM2.5),Mean,UHF42,Neighborhood (UHF 42),302,Central Harlem - Morningside Heights,Annual Average 2015,9.36,
334012,365,3,104,2023,122,Fine Particulate Matter (PM2.5),Mean,UHF42,Neighborhood (UHF 42),303,East Harlem,Annual Average 2015,9.51,
334015,365,3,104,2023,122,Fine Particulate Matter (PM2.5),Mean,UHF42,Neighborhood (UHF 42),304,Upper West Side,Annual Average 2015,9.78,
334018,365,3,104,2023,122,Fine Particulate Matter (PM2.5),Mean,UHF42,Neighborhood (UHF 42),305,Upper East Side,Annual Average 2015,10.2,
334021,365,3,104,2023,122,Fine Particulate Matter (PM2.5),Mean,UHF42,Neighborhood (UHF 42),306,Chelsea - Clinton,Annual Average 2015,11.39,
334024,365,3,104,2023,122,Fine Particulate Matter (PM2.5),Mean,UHF42,Neighborhood (UHF 42),307,Gramercy Park - Murray Hill,Annual Average 2015,11.72,
334027,365,3,104,2023,122,Fine Particulate Matter (PM2.5),Mean,UHF42,Neighborhood (UHF 42),308,Greenwich Village - SoHo,Annual Average 2015,10.6,
334030,365,3,104,2023,122,Fine Particulate Matter (PM2.5),Mean,UHF42,Neighborhood (UHF 42),309,Union Square - Lower East Side,Annual Average 2015,10.06,
334033,365,3,104,2023,122,Fine Particulate Matter (PM2.5),Mean,UHF42,Neighborhood (UHF 42),310,Lower Manhattan,Annual Average 2015,10.54,
334036,365,3,104,2023,122,Fine Particulate Matter (PM2.5),Mean,UHF42,Neighborhood (UHF 42),401,Long Island City - Astoria,Annual Average 2015,9.78,
334039,365,3,104,2023,122,Fine Particulate Matter (PM2.5),Mean,UHF42,Neighborhood (UHF 42),402,West Queens,Annual Average 2015,9.17,
334042,365,3,104,2023,122,Fine Particulate Matter (PM2.5),Mean,UHF42,Neighborhood (UHF 42),403,Flushing - Clearview,Annual Average 2015,8.45,
334045,365,3,104,2023,122,Fine Particulate Matter (PM2.5),Mean,UHF42,Neighborhood (UHF 42),404,Bayside - Little Neck,Annual Average 2015,8.26,
334048,365,3,104,2023,122,Fine Particulate Matter (PM2.5),Mean,UHF42,Neighborhood (UHF 42),405,Ridgewood - Forest Hills,Annual Average 2015,8.51,
334051,365,3,104,2023,122,Fine Particulate Matter (PM2.5),Mean,UHF42,Neighborhood (UHF 42),406,Fresh Meadows,Annual Average 2015,8.19,
334054,365,3,104,2023,122,Fine Particulate Matter (PM2.5),Mean,UHF42,Neighborhood (UHF 42),407,Southwest Queens,Annual Average 2015,8.05,
334057,365,3,104,2023,122,Fine Particulate Matter (PM2.5),Mean,UHF42,Neighborhood (UHF 42),408,Jamaica,Annual Average 2015,8.2,
334060,365,3,104,2023,122,Fine Particulate Matter (PM2.5),Mean,UHF42,Neighborhood (UHF 42),409,Southeast Queens,Annual Average 2015,7.9,
334063,365,3,104,2023,122,Fine Particulate Matter (PM2.5),Mean,UHF42,Neighborhood (UHF 42),410,Rockaways,Annual Average 2015,7.16,
334066,365,3,104,2023,122,Fine Particulate Matter (PM2.5),Mean,UHF42,Neighborhood (UHF 42),501,Port Richmond,Annual Average 2015,8.34,
334069,365,3,104,2023,122,Fine Particulate Matter (PM2.5),Mean,UHF42,Neighborhood (UHF 42),502,Stapleton - St. George,Annual Average 2015,7.82,
334072,365,3,104,2023,122,Fine Particulate Matter (PM2.5),Mean,UHF42,Neighborhood (UHF 42),503,Willowbrook,Annual Average 2015,8.01,
334075,365,3,104,2023,122,Fine Particulate Matter (PM2.5),Mean,UHF42,Neighborhood (UHF 42),504,South Beach - Tottenville,Annual Average 2015,7.29,
326011,370,3,104,2024,122,Black Carbon,Mean,UHF42,Neighborhood (UHF 42),101,Kingsbridge - Riverdale,Annual Average 2015,0.95,
326030,370,3,104,2024,122,Black Carbon,Mean,UHF42,Neighborhood (UHF 42),102,Northeast Bronx,Annual Average 2015,0.98,
326049,370,3,104,2024,122,Black Carbon,Mean,UHF42,Neighborhood (UHF 42),103,Fordham - Bronx Pk,Annual Average 2015,1,
326068,370,3,104,2024,122,Black Carbon,Mean,UHF42,Neighborhood (UHF 42),104,Pelham - Throgs Neck,Annual Average 2015,0.98,
326087,370,3,104,2024,122,Black Carbon,Mean,UHF42,Neighborhood (UHF 42),105,Crotona -Tremont,Annual Average 2015,1.2,
326106,370,3,104,2024,122,Black Carbon,Mean,UHF42,Neighborhood (UHF 42),106,High Bridge - Morrisania,Annual Average 2015,1.15,
326125,370,3,104,2024,122,Black Carbon,Mean,UHF42,Neighborhood (UHF 42),107,Hunts Point - Mott Haven,Annual Average 2015,1.14,
326144,370,3,104,2024,122,Black Carbon,Mean,UHF42,Neighborhood (UHF 42),201,Greenpoint,Annual Average 2015,1.29,
326163,370,3,104,2024,122,Black Carbon,Mean,UHF42,Neighborhood (UHF 42),202,Downtown - Heights - Slope,Annual Average 2015,1.11,
326182,370,3,104,2024,122,Black Carbon,Mean,UHF42,Neighborhood (UHF 42),203,Bedford Stuyvesant - Crown Heights,Annual Average 2015,0.88,
326201,370,3,104,2024,122,Black Carbon,Mean,UHF42,Neighborhood (UHF 42),204,East New York,Annual Average 2015,0.87,
326220,370,3,104,2024,122,Black Carbon,Mean,UHF42,Neighborhood (UHF 42),205,Sunset Park,Annual Average 2015,1.01,
326239,370,3,104,2024,122,Black Carbon,Mean,UHF42,Neighborhood (UHF 42),206,Borough Park,Annual Average 2015,0.75,
326258,370,3,104,2024,122,Black Carbon,Mean,UHF42,Neighborhood (UHF 42),207,East Flatbush - Flatbush,Annual Average 2015,0.8,
326277,370,3,104,2024,122,Black Carbon,Mean,UHF42,Neighborhood (UHF 42),208,Canarsie - Flatlands,Annual Average 2015,0.69,
326296,370,3,104,2024,122,Black Carbon,Mean,UHF42,Neighborhood (UHF 42),209,Bensonhurst - Bay Ridge,Annual Average 2015,0.75,
326315,370,3,104,2024,122,Black Carbon,Mean,UHF42,Neighborhood (UHF 42),210,Coney Island - Sheepshead Bay,Annual Average 2015,0.65,
326334,370,3,104,2024,122,Black Carbon,Mean,UHF42,Neighborhood (UHF 42),211,Williamsburg - Bushwick,Annual Average 2015,1.05,
326353,370,3,104,2024,122,Black Carbon,Mean,UHF42,Neighborhood (UHF 42),301,Washington Heights,Annual Average 2015,1.14,
326372,370,3,104,2024,122,Black Carbon,Mean,UHF42,Neighborhood (UHF 42),302,Central Harlem - Morningside Heights,Annual Average 2015,1.18,
326391,370,3,104,2024,122,Black Carbon,Mean,UHF42,Neighborhood (UHF 42),303,East Harlem,Annual Average 2015,1.21,
326410,370,3,104,2024,122,Black Carbon,Mean,UHF42,Neighborhood (UHF 42),304,Upper West Side,Annual Average 2015,1.25,
326429,370,3,104,2024,122,Black Carbon,Mean,UHF42,Neighborhood (UHF 42),305,Upper East Side,Annual Average 2015,1.44,
326448,370,3,104,2024,122,Black Carbon,Mean,UHF42,Neighborhood (UHF 42),306,Chelsea - Clinton,Annual Average 2015,1.6,
326467,370,3,104,2024,122,Black Carbon,Mean,UHF42,Neighborhood (UHF 42),307,Gramercy Park - Murray Hill,Annual Average 2015,1.59,
326486,370,3,104,2024,122,Black Carbon,Mean,UHF42,Neighborhood (UHF 42),308,Greenwich Village - SoHo,Annual Average 2015,1.6,
326505,370,3,104,2024,122,Black Carbon,Mean,UHF42,Neighborhood (UHF 42),309,Union Square - Lower East Side,Annual Average 2015,1.38,
326524,370,3,104,2024,122,Black Carbon,Mean,UHF42,Neighborhood (UHF 42),310,Lower Manhattan,Annual Average 2015,1.16,
326543,370,3,104,2024,122,Black Carbon,Mean,UHF42,Neighborhood (UHF 42),401,Long Island City - Astoria,Annual Average 2015,1.17,
326562,370,3,104,2024,122,Black Carbon,Mean,UHF42,Neighborhood (UHF 42),402,West Queens,Annual Average 2015,1.03,
326581,370,3,104,2024,122,Black Carbon,Mean,UHF42,Neighborhood (UHF 42),403,Flushing - Clearview,Annual Average 2015,0.86,
326600,370,3,104,2024,122,Black Carbon,Mean,UHF42,Neighborhood (UHF 42),404,Bayside - Little Neck,Annual Average 2015,0.82,
326619,370,3,104,2024,122,Black Carbon,Mean,UHF42,Neighborhood (UHF 42),405,Ridgewood - Forest Hills,Annual Average 2015,0.84,
326638,370,3,104,2024,122,Black Carbon,Mean,UHF42,Neighborhood (UHF 42),406,Fresh Meadows,Annual Average 2015,0.81,
326657,370,3,104,2024,122,Black Carbon,Mean,UHF42,Neighborhood (UHF 42),407,Southwest Queens,Annual Average 2015,0.74,
326676,370,3,104,2024,122,Black Carbon,Mean,UHF42,Neighborhood (UHF 42),408,Jamaica,Annual Average 2015,0.77,
326695,370,3,104,2024,122,Black Carbon,Mean,UHF42,Neighborhood (UHF 42),409,Southeast Queens,Annual Average 2015,0.67,
326714,370,3,104,2024,122,Black Carbon,Mean,UHF42,Neighborhood (UHF 42),410,Rockaways,Annual Average 2015,0.5,
326733,370,3,104,2024,122,Black Carbon,Mean,UHF42,Neighborhood (UHF 42),501,Port Richmond,Annual Average 2015,0.77,
326752,370,3,104,2024,122,Black Carbon,Mean,UHF42,Neighborhood (UHF 42),502,Stapleton - St. George,Annual Average 2015,0.67,
326771,370,3,104,2024,122,Black Carbon,Mean,UHF42,Neighborhood (UHF 42),503,Willowbrook,Annual Average 2015,0.74,
326790,370,3,104,2024,122,Black Carbon,Mean,UHF42,Neighborhood (UHF 42),504,South Beach - Tottenville,Annual Average 2015,0.61,
336490,375,3,104,2025,122,Nitrogen Dioxide (NO2),Mean,UHF42,Neighborhood (UHF 42),101,Kingsbridge - Riverdale,Annual Average 2015,17.82,
336493,375,3,104,2025,122,Nitrogen Dioxide (NO2),Mean,UHF42,Neighborhood (UHF 42),102,Northeast Bronx,Annual Average 2015,19.52,
336496,375,3,104,2025,122,Nitrogen Dioxide (NO2),Mean,UHF42,Neighborhood (UHF 42),103,Fordham - Bronx Pk,Annual Average 2015,19.76,
336499,375,3,104,2025,122,Nitrogen Dioxide (NO2),Mean,UHF42,Neighborhood (UHF 42),104,Pelham - Throgs Neck,Annual Average 2015,19.36,
336502,375,3,104,2025,122,Nitrogen Dioxide (NO2),Mean,UHF42,Neighborhood (UHF 42),105,Crotona -Tremont,Annual Average 2015,21.84,
336505,375,3,104,2025,122,Nitrogen Dioxide (NO2),Mean,UHF42,Neighborhood (UHF 42),106,High Bridge - Morrisania,Annual Average 2015,22.28,
336508,375,3,104,2025,122,Nitrogen Dioxide (NO2),Mean,UHF42,Neighborhood (UHF 42),107,Hunts Point - Mott Haven,Annual Average 2015,20.91,
336511,375,3,104,2025,122,Nitrogen Dioxide (NO2),Mean,UHF42,Neighborhood (UHF 42),201,Greenpoint,Annual Average 2015,21.69,
336514,375,3,104,2025,122,Nitrogen Dioxide (NO2),Mean,UHF42,Neighborhood (UHF 42),202,Downtown - Heights - Slope,Annual Average 2015,21.87,
336517,375,3,104,2025,122,Nitrogen Dioxide (NO2),Mean,UHF42,Neighborhood (UHF 42),203,Bedford Stuyvesant - Crown Heights,Annual Average 2015,20.83,
336520,375,3,104,2025,122,Nitrogen Dioxide (NO2),Mean,UHF42,Neighborhood (UHF 42),204,East New York,Annual Average 2015,19.09,
336523,375,3,104,2025,122,Nitrogen Dioxide (NO2),Mean,UHF42,Neighborhood (UHF 42),205,Sunset Park,Annual Average 2015,19.71,
336526,375,3,104,2025,122,Nitrogen Dioxide (NO2),Mean,UHF42,Neighborhood (UHF 42),206,Borough Park,Annual Average 2015,19.74,
336529,375,3,104,2025,122,Nitrogen Dioxide (NO2),Mean,UHF42,Neighborhood (UHF 42),207,East Flatbush - Flatbush,Annual Average 2015,19.72,
336532,375,3,104,2025,122,Nitrogen Dioxide (NO2),Mean,UHF42,Neighborhood (UHF 42),208,Canarsie - Flatlands,Annual Average 2015,16.52,
336535,375,3,104,2025,122,Nitrogen Dioxide (NO2),Mean,UHF42,Neighborhood (UHF 42),209,Bensonhurst - Bay Ridge,Annual Average 2015,18.62,
336538,375,3,104,2025,122,Nitrogen Dioxide (NO2),Mean,UHF42,Neighborhood (UHF 42),210,Coney Island - Sheepshead Bay,Annual Average 2015,17.08,
336541,375,3,104,2025,122,Nitrogen Dioxide (NO2),Mean,UHF42,Neighborhood (UHF 42),211,Williamsburg - Bushwick,Annual Average 2015,21.27,
336544,375,3,104,2025,122,Nitrogen Dioxide (NO2),Mean,UHF42,Neighborhood (UHF 42),301,Washington Heights,Annual Average 2015,21.14,
336547,375,3,104,2025,122,Nitrogen Dioxide (NO2),Mean,UHF42,Neighborhood (UHF 42),302,Central Harlem - Morningside Heights,Annual Average 2015,23.15,
336550,375,3,104,2025,122,Nitrogen Dioxide (NO2),Mean,UHF42,Neighborhood (UHF 42),303,East Harlem,Annual Average 2015,22.99,
336553,375,3,104,2025,122,Nitrogen Dioxide (NO2),Mean,UHF42,Neighborhood (UHF 42),304,Upper West Side,Annual Average 2015,23.86,
336556,375,3,104,2025,122,Nitrogen Dioxide (NO2),Mean,UHF42,Neighborhood (UHF 42),305,Upper East Side,Annual Average 2015,25.67,
336559,375,3,104,2025,122,Nitrogen Dioxide (NO2),Mean,UHF42,Neighborhood (UHF 42),306,Chelsea - Clinton,Annual Average 2015,29.17,
336562,375,3,104,2025,122,Nitrogen Dioxide (NO2),Mean,UHF42,Neighborhood (UHF 42),307,Gramercy Park - Murray Hill,Annual Average 2015,31.23,
336565,375,3,104,2025,122,Nitrogen Dioxide (NO2),Mean,UHF42,Neighborhood (UHF 42),308,Greenwich Village - SoHo,Annual Average 2015,26.27,
336568,375,3,104,2025,122,Nitrogen Dioxide (NO2),Mean,UHF42,Neighborhood (UHF 42),309,Union Square - Lower East Side,Annual Average 2015,24.84,
336571,375,3,104,2025,122,Nitrogen Dioxide (NO2),Mean,UHF42,Neighborhood (UHF 42),310,Lower Manhattan,Annual Average 2015,26.61,
336574,375,3,104,2025,122,Nitrogen Dioxide (NO2),Mean,UHF42,Neighborhood (UHF 42),401,Long Island City - Astoria,Annual Average 2015,21.39,
336577,375,3,104,2025,122,Nitrogen Dioxide (NO2),Mean,UHF42,Neighborhood (UHF 42),402,West Queens,Annual Average 2015,21.11,
336580,375,3,104,2025,122,Nitrogen Dioxide (NO2),Mean,UHF42,Neighborhood (UHF 42),403,Flushing - Clearview,Annual Average 2015,19.09,
336583,375,3,104,2025,122,Nitrogen Dioxide (NO2),Mean,UHF42,Neighborhood (UHF 42),404,Bayside - Little Neck,Annual Average 2015,17.3,
336586,375,3,104,2025,122,Nitrogen Dioxide (NO2),Mean,UHF42,Neighborhood (UHF 42),405,Ridgewood - Forest Hills,Annual Average 2015,19.25,
336589,375,3,104,2025,122,Nitrogen Dioxide (NO2),Mean,UHF42,Neighborhood (UHF 42),406,Fresh Meadows,Annual Average 2015,18.78,
336592,375,3,104,2025,122,Nitrogen Dioxide (NO2),Mean,UHF42,Neighborhood (UHF 42),407,Southwest Queens,Annual Average 2015,18.68,
336595,375,3,104,2025,122,Nitrogen Dioxide (NO2),Mean,UHF42,Neighborhood (UHF 42),408,Jamaica,Annual Average 2015,18.42,
336598,375,3,104,2025,122,Nitrogen Dioxide (NO2),Mean,UHF42,Neighborhood (UHF 42),409,Southeast Queens,Annual Average 2015,17.16,
336601,375,3,104,2025,122,Nitrogen Dioxide (NO2),Mean,UHF42,Neighborhood (UHF 42),410,Rockaways,Annual Average 2015,13.55,
336604,375,3,104,2025,122,Nitrogen Dioxide (NO2),Mean,UHF42,Neighborhood (UHF 42),501,Port Richmond,Annual Average 2015,17.36,
336607,375,3,104,2025,122,Nitrogen Dioxide (NO2),Mean,UHF42,Neighborhood (UHF 42),502,Stapleton - St. George,Annual Average 2015,15.28,
336610,375,3,104,2025,122,Nitrogen Dioxide (NO2),Mean,UHF42,Neighborhood (UHF 42),503,Willowbrook,Annual Average 2015,14.21,
336613,375,3,104,2025,122,Nitrogen Dioxide (NO2),Mean,UHF42,Neighborhood (UHF 42),504,South Beach - Tottenville,Annual Average 2015,11.91,
337749,383,3,104,2026,122,Sulfur Dioxide (SO2),Mean,UHF42,Neighborhood (UHF 42),101,Kingsbridge - Riverdale,Winter 2014-15,1,
337750,383,3,104,2026,122,Sulfur Dioxide (SO2),Mean,UHF42,Neighborhood (UHF 42),102,Northeast Bronx,Winter 2014-15,1.11,
337751,383,3,104,2026,122,Sulfur Dioxide (SO2),Mean,UHF42,Neighborhood (UHF 42),103,Fordham - Bronx Pk,Winter 2014-15,1.54,
337752,383,3,104,2026,122,Sulfur Dioxide (SO2),Mean,UHF42,Neighborhood (UHF 42),104,Pelham - Throgs Neck,Winter 2014-15,0.96,
337753,383,3,104,2026,122,Sulfur Dioxide (SO2),Mean,UHF42,Neighborhood (UHF 42),105,Crotona -Tremont,Winter 2014-15,1.35,
337754,383,3,104,2026,122,Sulfur Dioxide (SO2),Mean,UHF42,Neighborhood (UHF 42),106,High Bridge - Morrisania,Winter 2014-15,1.2,
337755,383,3,104,2026,122,Sulfur Dioxide (SO2),Mean,UHF42,Neighborhood (UHF 42),107,Hunts Point - Mott Haven,Winter 2014-15,0.82,
337756,383,3,104,2026,122,Sulfur Dioxide (SO2),Mean,UHF42,Neighborhood (UHF 42),201,Greenpoint,Winter 2014-15,0.58,
337757,383,3,104,2026,122,Sulfur Dioxide (SO2),Mean,UHF42,Neighborhood (UHF 42),202,Downtown - Heights - Slope,Winter 2014-15,0.46,
337758,383,3,104,2026,122,Sulfur Dioxide (SO2),Mean,UHF42,Neighborhood (UHF 42),203,Bedford Stuyvesant - Crown Heights,Winter 2014-15,0.52,
337759,383,3,104,2026,122,Sulfur Dioxide (SO2),Mean,UHF42,Neighborhood (UHF 42),204,East New York,Winter 2014-15,0.47,
337760,383,3,104,2026,122,Sulfur Dioxide (SO2),Mean,UHF42,Neighborhood (UHF 42),205,Sunset Park,Winter 2014-15,0.43,
337761,383,3,104,2026,122,Sulfur Dioxide (SO2),Mean,UHF42,Neighborhood (UHF 42),206,Borough Park,Winter 2014-15,0.48,
337762,383,3,104,2026,122,Sulfur Dioxide (SO2),Mean,UHF42,Neighborhood (UHF 42),207,East Flatbush - Flatbush,Winter 2014-15,0.49,
337763,383,3,104,2026,122,Sulfur Dioxide (SO2),Mean,UHF42,Neighborhood (UHF 42),208,Canarsie - Flatlands,Winter 2014-15,0.4,
337764,383,3,104,2026,122,Sulfur Dioxide (SO2),Mean,UHF42,Neighborhood (UHF 42),209,Bensonhurst - Bay Ridge,Winter 2014-15,0.43,
337765,383,3,104,2026,122,Sulfur Dioxide (SO2),Mean,UHF42,Neighborhood (UHF 42),210,Coney Island - Sheepshead Bay,Winter 2014-15,0.43,
337766,383,3,104,2026,122,Sulfur Dioxide (SO2),Mean,UHF42,Neighborhood (UHF 42),211,Williamsburg - Bushwick,Winter 2014-15,0.58,
337767,383,3,104,2026,122,Sulfur Dioxide (SO2),Mean,UHF42,Neighborhood (UHF 42),301,Washington Heights,Winter 2014-15,1.5,
337768,383,3,104,2026,122,Sulfur Dioxide (SO2),Mean,UHF42,Neighborhood (UHF 42),302,Central Harlem - Morningside Heights,Winter 2014-15,1.09,
337769,383,3,104,2026,122,Sulfur Dioxide (SO2),Mean,UHF42,Neighborhood (UHF 42),303,East Harlem,Winter 2014-15,1,
337770,383,3,104,2026,122,Sulfur Dioxide (SO2),Mean,UHF42,Neighborhood (UHF 42),304,Upper West Side,Winter 2014-15,1.4,
337771,383,3,104,2026,122,Sulfur Dioxide (SO2),Mean,UHF42,Neighborhood (UHF 42),305,Upper East Side,Winter 2014-15,1.49,
337772,383,3,104,2026,122,Sulfur Dioxide (SO2),Mean,UHF42,Neighborhood (UHF 42),306,Chelsea - Clinton,Winter 2014-15,1.13,
337773,383,3,104,2026,122,Sulfur Dioxide (SO2),Mean,UHF42,Neighborhood (UHF 42),307,Gramercy Park - Murray Hill,Winter 2014-15,1.28,
337774,383,3,104,2026,122,Sulfur Dioxide (SO2),Mean,UHF42,Neighborhood (UHF 42),308,Greenwich Village - SoHo,Winter 2014-15,0.88,
337775,383,3,104,2026,122,Sulfur Dioxide (SO2),Mean,UHF42,Neighborhood (UHF 42),309,Union Square - Lower East Side,Winter 2014-15,0.97,
337776,383,3,104,2026,122,Sulfur Dioxide (SO2),Mean,UHF42,Neighborhood (UHF 42),310,Lower Manhattan,Winter 2014-15,0.55,
337777,383,3,104,2026,122,Sulfur Dioxide (SO2),Mean,UHF42,Neighborhood (UHF 42),401,Long Island City - Astoria,Winter 2014-15,0.79,
337778,383,3,104,2026,122,Sulfur Dioxide (SO2),Mean,UHF42,Neighborhood (UHF 42),402,West Queens,Winter 2014-15,0.78,
337779,383,3,104,2026,122,Sulfur Dioxide (SO2),Mean,UHF42,Neighborhood (UHF 42),403,Flushing - Clearview,Winter 2014-15,0.74,
337780,383,3,104,2026,122,Sulfur Dioxide (SO2),Mean,UHF42,Neighborhood (UHF 42),404,Bayside - Little Neck,Winter 2014-15,0.57,
337781,383,3,104,2026,122,Sulfur Dioxide (SO2),Mean,UHF42,Neighborhood (UHF 42),405,Ridgewood - Forest Hills,Winter 2014-15,0.58,
337782,383,3,104,2026,122,Sulfur Dioxide (SO2),Mean,UHF42,Neighborhood (UHF 42),406,Fresh Meadows,Winter 2014-15,0.57,
337783,383,3,104,2026,122,Sulfur Dioxide (SO2),Mean,UHF42,Neighborhood (UHF 42),407,Southwest Queens,Winter 2014-15,0.45,
337784,383,3,104,2026,122,Sulfur Dioxide (SO2),Mean,UHF42,Neighborhood (UHF 42),408,Jamaica,Winter 2014-15,0.43,
337785,383,3,104,2026,122,Sulfur Dioxide (SO2),Mean,UHF42,Neighborhood (UHF 42),409,Southeast Queens,Winter 2014-15,0.41,
337786,383,3,104,2026,122,Sulfur Dioxide (SO2),Mean,UHF42,Neighborhood (UHF 42),410,Rockaways,Winter 2014-15,0.31,
337787,383,3,104,2026,122,Sulfur Dioxide (SO2),Mean,UHF42,Neighborhood (UHF 42),501,Port Richmond,Winter 2014-15,0.31,
337788,383,3,104,2026,122,Sulfur Dioxide (SO2),Mean,UHF42,Neighborhood (UHF 42),502,Stapleton - St. George,Winter 2014-15,0.35,
337789,383,3,104,2026,122,Sulfur Dioxide (SO2),Mean,UHF42,Neighborhood (UHF 42),503,Willowbrook,Winter 2014-15,0.28,
337790,383,3,104,2026,122,Sulfur Dioxide (SO2),Mean,UHF42,Neighborhood (UHF 42),504,South Beach - Tottenville,Winter 2014-15,0.22,
338172,386,3,104,2027,122,Ozone (O3),Mean,UHF42,Neighborhood (UHF 42),101,Kingsbridge - Riverdale,Summer 2015,28.72,
338173,386,3,104,2027,122,Ozone (O3),Mean,UHF42,Neighborhood (UHF 42),102,Northeast Bronx,Summer 2015,29.93,
338174,386,3,104,2027,122,Ozone (O3),Mean,UHF42,Neighborhood (UHF 42),103,Fordham - Bronx Pk,Summer 2015,29.53,
338175,386,3,104,2027,122,Ozone (O3),Mean,UHF42,Neighborhood (UHF 42),104,Pelham - Throgs Neck,Summer 2015,31.41,
338176,386,3,104,2027,122,Ozone (O3),Mean,UHF42,Neighborhood (UHF 42),105,Crotona -Tremont,Summer 2015,29.65,
338177,386,3,104,2027,122,Ozone (O3),Mean,UHF42,Neighborhood (UHF 42),106,High Bridge - Morrisania,Summer 2015,29.93,
338178,386,3,104,2027,122,Ozone (O3),Mean,UHF42,Neighborhood (UHF 42),107,Hunts Point - Mott Haven,Summer 2015,31.66,
338179,386,3,104,2027,122,Ozone (O3),Mean,UHF42,Neighborhood (UHF 42),201,Greenpoint,Summer 2015,30.97,
338180,386,3,104,2027,122,Ozone (O3),Mean,UHF42,Neighborhood (UHF 42),202,Downtown - Heights - Slope,Summer 2015,29.76,
338181,386,3,104,2027,122,Ozone (O3),Mean,UHF42,Neighborhood (UHF 42),203,Bedford Stuyvesant - Crown Heights,Summer 2015,31.18,
338182,386,3,104,2027,122,Ozone (O3),Mean,UHF42,Neighborhood (UHF 42),204,East New York,Summer 2015,32.58,
338183,386,3,104,2027,122,Ozone (O3),Mean,UHF42,Neighborhood (UHF 42),205,Sunset Park,Summer 2015,31.29,
338184,386,3,104,2027,122,Ozone (O3),Mean,UHF42,Neighborhood (UHF 42),206,Borough Park,Summer 2015,32.14,
338185,386,3,104,2027,122,Ozone (O3),Mean,UHF42,Neighborhood (UHF 42),207,East Flatbush - Flatbush,Summer 2015,32.2,
338186,386,3,104,2027,122,Ozone (O3),Mean,UHF42,Neighborhood (UHF 42),208,Canarsie - Flatlands,Summer 2015,34.7,
338187,386,3,104,2027,122,Ozone (O3),Mean,UHF42,Neighborhood (UHF 42),209,Bensonhurst - Bay Ridge,Summer 2015,32.83,
338188,386,3,104,2027,122,Ozone (O3),Mean,UHF42,Neighborhood (UHF 42),210,Coney Island - Sheepshead Bay,Summer 2015,35.01,
338189,386,3,104,2027,122,Ozone (O3),Mean,UHF42,Neighborhood (UHF 42),211,Williamsburg - Bushwick,Summer 2015,31.1,
338190,386,3,104,2027,122,Ozone (O3),Mean,UHF42,Neighborhood (UHF 42),301,Washington Heights,Summer 2015,28.95,
338191,386,3,104,2027,122,Ozone (O3),Mean,UHF42,Neighborhood (UHF 42),302,Central Harlem - Morningside Heights,Summer 2015,28.98,
338192,386,3,104,2027,122,Ozone (O3),Mean,UHF42,Neighborhood (UHF 42),303,East Harlem,Summer 2015,29.58,
338193,386,3,104,2027,122,Ozone (O3),Mean,UHF42,Neighborhood (UHF 42),304,Upper West Side,Summer 2015,28.12,
338194,386,3,104,2027,122,Ozone (O3),Mean,UHF42,Neighborhood (UHF 42),305,Upper East Side,Summer 2015,28.07,
338195,386,3,104,2027,122,Ozone (O3),Mean,UHF42,Neighborhood (UHF 42),306,Chelsea - Clinton,Summer 2015,26.11,
338196,386,3,104,2027,122,Ozone (O3),Mean,UHF42,Neighborhood (UHF 42),307,Gramercy Park - Murray Hill,Summer 2015,25.06,
338197,386,3,104,2027,122,Ozone (O3),Mean,UHF42,Neighborhood (UHF 42),308,Greenwich Village - SoHo,Summer 2015,27.35,
338198,386,3,104,2027,122,Ozone (O3),Mean,UHF42,Neighborhood (UHF 42),309,Union Square - Lower East Side,Summer 2015,27.73,
338199,386,3,104,2027,122,Ozone (O3),Mean,UHF42,Neighborhood (UHF 42),310,Lower Manhattan,Summer 2015,26.98,
338200,386,3,104,2027,122,Ozone (O3),Mean,UHF42,Neighborhood (UHF 42),401,Long Island City - Astoria,Summer 2015,31.43,
338201,386,3,104,2027,122,Ozone (O3),Mean,UHF42,Neighborhood (UHF 42),402,West Queens,Summer 2015,31.57,
338202,386,3,104,2027,122,Ozone (O3),Mean,UHF42,Neighborhood (UHF 42),403,Flushing - Clearview,Summer 2015,31.88,
338203,386,3,104,2027,122,Ozone (O3),Mean,UHF42,Neighborhood (UHF 42),404,Bayside - Little Neck,Summer 2015,31.27,
338204,386,3,104,2027,122,Ozone (O3),Mean,UHF42,Neighborhood (UHF 42),405,Ridgewood - Forest Hills,Summer 2015,31.81,
338205,386,3,104,2027,122,Ozone (O3),Mean,UHF42,Neighborhood (UHF 42),406,Fresh Meadows,Summer 2015,31.53,
338206,386,3,104,2027,122,Ozone (O3),Mean,UHF42,Neighborhood (UHF 42),407,Southwest Queens,Summer 2015,32.59,
338207,386,3,104,2027,122,Ozone (O3),Mean,UHF42,Neighborhood (UHF 42),408,Jamaica,Summer 2015,32.04,
338208,386,3,104,2027,122,Ozone (O3),Mean,UHF42,Neighborhood (UHF 42),409,Southeast Queens,Summer 2015,32.51,
338209,386,3,104,2027,122,Ozone (O3),Mean,UHF42,Neighborhood (UHF 42),410,Rockaways,Summer 2015,37.44,
338210,386,3,104,2027,122,Ozone (O3),Mean,UHF42,Neighborhood (UHF 42),501,Port Richmond,Summer 2015,29.99,
338211,386,3,104,2027,122,Ozone (O3),Mean,UHF42,Neighborhood (UHF 42),502,Stapleton - St. George,Summer 2015,31.84,
338212,386,3,104,2027,122,Ozone (O3),Mean,UHF42,Neighborhood (UHF 42),503,Willowbrook,Summer 2015,31.66,
338213,386,3,104,2027,122,Ozone (O3),Mean,UHF42,Neighborhood (UHF 42),504,South Beach - Tottenville,Summer 2015,34.07,
335221,391,3,104,2028,122,Nitric Oxide (NO),Mean,UHF42,Neighborhood (UHF 42),101,Kingsbridge - Riverdale,Annual Average 2015,15.13,
335224,391,3,104,2028,122,Nitric Oxide (NO),Mean,UHF42,Neighborhood (UHF 42),102,Northeast Bronx,Annual Average 2015,16.62,
335227,391,3,104,2028,122,Nitric Oxide (NO),Mean,UHF42,Neighborhood (UHF 42),103,Fordham - Bronx Pk,Annual Average 2015,18.14,
335230,391,3,104,2028,122,Nitric Oxide (NO),Mean,UHF42,Neighborhood (UHF 42),104,Pelham - Throgs Neck,Annual Average 2015,17.98,
335233,391,3,104,2028,122,Nitric Oxide (NO),Mean,UHF42,Neighborhood (UHF 42),105,Crotona -Tremont,Annual Average 2015,21.09,
335236,391,3,104,2028,122,Nitric Oxide (NO),Mean,UHF42,Neighborhood (UHF 42),106,High Bridge - Morrisania,Annual Average 2015,21,
335239,391,3,104,2028,122,Nitric Oxide (NO),Mean,UHF42,Neighborhood (UHF 42),107,Hunts Point - Mott Haven,Annual Average 2015,18.36,
335242,391,3,104,2028,122,Nitric Oxide (NO),Mean,UHF42,Neighborhood (UHF 42),201,Greenpoint,Annual Average 2015,20.87,
335245,391,3,104,2028,122,Nitric Oxide (NO),Mean,UHF42,Neighborhood (UHF 42),202,Downtown - Heights - Slope,Annual Average 2015,21.62,
335248,391,3,104,2028,122,Nitric Oxide (NO),Mean,UHF42,Neighborhood (UHF 42),203,Bedford Stuyvesant - Crown Heights,Annual Average 2015,19.68,
335251,391,3,104,2028,122,Nitric Oxide (NO),Mean,UHF42,Neighborhood (UHF 42),204,East New York,Annual Average 2015,18.9,
335254,391,3,104,2028,122,Nitric Oxide (NO),Mean,UHF42,Neighborhood (UHF 42),205,Sunset Park,Annual Average 2015,18.2,
335257,391,3,104,2028,122,Nitric Oxide (NO),Mean,UHF42,Neighborhood (UHF 42),206,Borough Park,Annual Average 2015,17.96,
335260,391,3,104,2028,122,Nitric Oxide (NO),Mean,UHF42,Neighborhood (UHF 42),207,East Flatbush - Flatbush,Annual Average 2015,19.65,
335263,391,3,104,2028,122,Nitric Oxide (NO),Mean,UHF42,Neighborhood (UHF 42),208,Canarsie - Flatlands,Annual Average 2015,16.65,
335266,391,3,104,2028,122,Nitric Oxide (NO),Mean,UHF42,Neighborhood (UHF 42),209,Bensonhurst - Bay Ridge,Annual Average 2015,16.79,
335269,391,3,104,2028,122,Nitric Oxide (NO),Mean,UHF42,Neighborhood (UHF 42),210,Coney Island - Sheepshead Bay,Annual Average 2015,16.54,
335272,391,3,104,2028,122,Nitric Oxide (NO),Mean,UHF42,Neighborhood (UHF 42),211,Williamsburg - Bushwick,Annual Average 2015,19.15,
335275,391,3,104,2028,122,Nitric Oxide (NO),Mean,UHF42,Neighborhood (UHF 42),301,Washington Heights,Annual Average 2015,21.1,
335278,391,3,104,2028,122,Nitric Oxide (NO),Mean,UHF42,Neighborhood (UHF 42),302,Central Harlem - Morningside Heights,Annual Average 2015,21.3,
335281,391,3,104,2028,122,Nitric Oxide (NO),Mean,UHF42,Neighborhood (UHF 42),303,East Harlem,Annual Average 2015,23.6,
335284,391,3,104,2028,122,Nitric Oxide (NO),Mean,UHF42,Neighborhood (UHF 42),304,Upper West Side,Annual Average 2015,30,
335287,391,3,104,2028,122,Nitric Oxide (NO),Mean,UHF42,Neighborhood (UHF 42),305,Upper East Side,Annual Average 2015,34.11,
335290,391,3,104,2028,122,Nitric Oxide (NO),Mean,UHF42,Neighborhood (UHF 42),306,Chelsea - Clinton,Annual Average 2015,34.32,
335293,391,3,104,2028,122,Nitric Oxide (NO),Mean,UHF42,Neighborhood (UHF 42),307,Gramercy Park - Murray Hill,Annual Average 2015,39.17,
335296,391,3,104,2028,122,Nitric Oxide (NO),Mean,UHF42,Neighborhood (UHF 42),308,Greenwich Village - SoHo,Annual Average 2015,33.61,
335299,391,3,104,2028,122,Nitric Oxide (NO),Mean,UHF42,Neighborhood (UHF 42),309,Union Square - Lower East Side,Annual Average 2015,29.2,
335302,391,3,104,2028,122,Nitric Oxide (NO),Mean,UHF42,Neighborhood (UHF 42),310,Lower Manhattan,Annual Average 2015,28.61,
335305,391,3,104,2028,122,Nitric Oxide (NO),Mean,UHF42,Neighborhood (UHF 42),401,Long Island City - Astoria,Annual Average 2015,19.06,
335308,391,3,104,2028,122,Nitric Oxide (NO),Mean,UHF42,Neighborhood (UHF 42),402,West Queens,Annual Average 2015,19.31,
335311,391,3,104,2028,122,Nitric Oxide (NO),Mean,UHF42,Neighborhood (UHF 42),403,Flushing - Clearview,Annual Average 2015,17.11,
335314,391,3,104,2028,122,Nitric Oxide (NO),Mean,UHF42,Neighborhood (UHF 42),404,Bayside - Little Neck,Annual Average 2015,17.63,
335317,391,3,104,2028,122,Nitric Oxide (NO),Mean,UHF42,Neighborhood (UHF 42),405,Ridgewood - Forest Hills,Annual Average 2015,18.81,
335320,391,3,104,2028,122,Nitric Oxide (NO),Mean,UHF42,Neighborhood (UHF 42),406,Fresh Meadows,Annual Average 2015,18.12,
335323,391,3,104,2028,122,Nitric Oxide (NO),Mean,UHF42,Neighborhood (UHF 42),407,Southwest Queens,Annual Average 2015,17.98,
335326,391,3,104,2028,122,Nitric Oxide (NO),Mean,UHF42,Neighborhood (UHF 42),408,Jamaica,Annual Average 2015,17.95,
335329,391,3,104,2028,122,Nitric Oxide (NO),Mean,UHF42,Neighborhood (UHF 42),409,Southeast Queens,Annual Average 2015,16.72,
335332,391,3,104,2028,122,Nitric Oxide (NO),Mean,UHF42,Neighborhood (UHF 42),410,Rockaways,Annual Average 2015,16,
335335,391,3,104,2028,122,Nitric Oxide (NO),Mean,UHF42,Neighborhood (UHF 42),501,Port Richmond,Annual Average 2015,11.76,
335338,391,3,104,2028,122,Nitric Oxide (NO),Mean,UHF42,Neighborhood (UHF 42),502,Stapleton - St. George,Annual Average 2015,13.6,
335341,391,3,104,2028,122,Nitric Oxide (NO),Mean,UHF42,Neighborhood (UHF 42),503,Willowbrook,Annual Average 2015,11.29,
335344,391,3,104,2028,122,Nitric Oxide (NO),Mean,UHF42,Neighborhood (UHF 42),504,South Beach - Tottenville,Annual Average 2015,9.84,
,,,,,,,,,,,,,,
NYC Department of Health and Mental Hygiene,,,,,,,,,,,,,,
Environment & Health Data Portal,,,,,,,,,,,,,,
Available at: http://nyc.gov/health/tracking Accessed 12/04/2018,,,,,,,,,,,,,,
